property_url,title,reference_no,purpose,type,added_on,furnishing,currency,amount,location,bedrooms,bathrooms,size,agent_name,img_url,breadcrumbs,description
https://www.bayut.eg/en/property/details-199101913.html,SODIC EAST  - فيلا ( طابقين ) مجهزة للاستلام الفوري بقلب مدينة الشروق,Bayut - SmZUn7-199101913,For Sale,Villa,13 October 2023,,EGP,"2,000,000","Shorouk City, Cairo",3 Beds,3 Baths,246 Sq. M.,MOHA YEHIA,https://bayut-eg-production.s3.amazonaws.com/thumbnails/3859233-800x600.jpeg,Cairo Villas,استمتع بسحر الطبيعة والهدوء والخصوصية داخل كمبوند سوديك ايست الشروق
https://www.bayut.eg/en/property/details-199092836.html,شقه للبيع 140 متر فى كمبوند بلو فيرت Blu Vert العاصمه الاداريه,Bayut - m3d8LM-199092836,For Sale,Apartment,12 October 2023,Unfurnished,EGP,"3,711,000","Blue Vert, New Capital City, Cairo",2 Beds,2 Baths,140 Sq. M.,Laplage Group Real Estate,https://bayut-eg-production.s3.amazonaws.com/thumbnails/3813647-800x600.jpeg,Cairo Apartments,شقه للبيع فى العاصمه الاداريه بكمبوند Blu Vert من الشركه السعوديه المصرية
https://www.bayut.eg/en/property/details-199096795.html,ستاندالون بماونتن فيو بقلب اكتوبر بجوار مول العرب  - Mountain view,Bayut - mBOpe8-199096795,For Sale,Villa,12 October 2023,,EGP,"22,254,107","Mountain View Chillout Park, 6th of October, Giza",5 Beds,4 Baths,310 Sq. M.,User 3nd3fC,https://bayut-eg-production.s3.amazonaws.com/thumbnails/3823559-800x600.jpeg,Giza Villas,فيلا جاهزة ع الاستلام في Mountain view Cillout Park بفيو مميز على لاند سكيب وقسط على 84 شهر بدون فوائد
https://www.bayut.eg/en/property/details-199093808.html,شقة للبيع بتسهيلات تصل الى 10 سنين في كمبوند المقصد العاصمة الادارية,Bayut - PqBeX5-199093808,For Sale,Apartment,12 October 2023,Unfurnished,EGP,"2,200,000","Al Maqsad, New Capital City, Cairo",3 Beds,2 Baths,122 Sq. M.,Haidy Ahmed,https://bayut-eg-production.s3.amazonaws.com/thumbnails/3682750-800x600.jpeg,Cairo Apartments,شقة للبيع بتسهيلات تصل الى 10 سنين في كمبوند المقصد العاصمة الادارية
https://www.bayut.eg/en/property/details-199095544.html,شقة كاملة التشطيب للبيع بالتقسيط في فيليت سوديك Villette Sodic,Bayut - srw573-199095544,For Sale,Apartment,12 October 2023,,EGP,"10,900,000","Villette, New Cairo, Cairo",3 Beds,3 Baths,190 Sq. M.,Egyproperty,https://bayut-eg-production.s3.amazonaws.com/thumbnails/3816569-800x600.jpeg,Cairo Apartments,Code 10216
https://www.bayut.eg/en/property/details-199093582.html,فيلا 5غرف مساحة مفتوحة استلام فوري بأفضل فيو في كايرو فيستيفال,Bayut - XrOkhx-199093582,For Sale,Villa,12 October 2023,Unfurnished,EGP,"37,000,000","Cairo Festival City, New Cairo, Cairo",5 Beds,5 Baths,420 Sq. M.,Irtkaz Real Estate,https://bayut-eg-production.s3.amazonaws.com/thumbnails/3681669-800x600.jpeg,Cairo Villas,فيلا للبيع بمساحات واسعار مختلفة بالقاهرة الجديدة - كمبوند كايرو فيستيفال سيتى
https://www.bayut.eg/en/property/details-199091734.html,شقة للبيع كمبوند نيوم علي أميز فيو في المستقبل سيتي,Bayut - zuY1JU-199091734,For Sale,Apartment,12 October 2023,,EGP,"470,500","Mostakbal City, Cairo",3 Beds,2 Baths,148 Sq. M.,mohamed ramadan,https://bayut-eg-production.s3.amazonaws.com/thumbnails/3678167-800x600.jpeg,Cairo Apartments,شقة للبيع علي أميز واحلي فيو جولف في المستقبل سيتي
https://www.bayut.eg/en/property/details-199091256.html,شقة للبيع فى البوسـكو سيـتى مديـنه المستقيل سيـتـى,Bayut - Y2gJv9-199091256,For Sale,Apartment,12 October 2023,,EGP,"610,600","IL Bosco City, Mostakbal City, Cairo",3 Beds,2 Baths,156 Sq. M.,mohamed ramadan,https://bayut-eg-production.s3.amazonaws.com/thumbnails/3676776-800x600.jpeg,Cairo Apartments,شقة للبيـع فى البــوسـكـو سيـتى مديــنـه المستقيل سيـتـى il bosco city
https://www.bayut.eg/en/property/details-199092062.html,فيلا للبيع في مدينتي t اميز فيو علي جولف استلام فوري 1200م,Bayut - ID199092062,For Sale,Villa,12 October 2023,Unfurnished,EGP,"100,000,000","Madinaty, Madinaty, Cairo",4 Beds,4 Baths,601 Sq. M.,انجاز العقارية,https://bayut-eg-production.s3.amazonaws.com/thumbnails/3866023-800x600.jpeg,Cairo Villas,فيلا للبيع في  مدينتي نموذج  T  من نماذج فيلات مدينتي الاكثر تميزا من حيث الاطلاله والمسحات الممتازة
https://www.bayut.eg/en/property/details-199091808.html,شقتك في الشروق امام ماي فير طلعت مصطفي استلام فوري @,Bayut - ID199091808,For Sale,Apartment,12 October 2023,Unfurnished,EGP,"4,546,898","Shorouk City, Cairo",3 Beds,3 Baths,209 Sq. M.,Meraki Developments,https://bayut-eg-production.s3.amazonaws.com/thumbnails/3865163-800x600.jpeg,Cairo Apartments,عايز تتعاقد و تستلم في نفس اليوم ؟
https://www.bayut.eg/en/property/details-199091063.html,شقه للبيع 103م /مقدم 340 ألف/استلام فورى ومتشطبة /كمبوند المقصد,Bayut - ID199091063,For Sale,Apartment,12 October 2023,,EGP,"3,399,000","Al Maqsad, New Capital City, Cairo",2 Beds,1 Bath,103 Sq. M.,LandBank,https://bayut-eg-production.s3.amazonaws.com/thumbnails/3862419-800x600.jpeg,Cairo Apartments,باستثمارة حجز 100 الف مستردة
https://www.bayut.eg/en/property/details-199091045.html,شقة استلام فوري في المثلث الذهبي بمدينه الشروق . .,Bayut - ID199091045,For Sale,Apartment,12 October 2023,Unfurnished,EGP,"4,011,314","Shorouk City, Cairo",3 Beds,3 Baths,238 Sq. M.,Meraki Developments,https://bayut-eg-production.s3.amazonaws.com/thumbnails/3862378-800x600.jpeg,Cairo Apartments,*تمويل عقاري للمصرين بالخارج . .
https://www.bayut.eg/en/property/details-199090511.html,امتلك شقتك ب مدينتي 116م استلام فوري كاش او بالتقسيط ب b12,Bayut - ID199090511,For Sale,Apartment,12 October 2023,Unfurnished,EGP,"1,500,000","Madinaty, Madinaty, Cairo",3 Beds,2 Baths,116 Sq. M.,osama,https://bayut-eg-production.s3.amazonaws.com/thumbnails/3859478-800x600.jpeg,Cairo Apartments,اغتننم الفرصه وامتلك شقة 116م استلام فوري بالتقسيط ع 7 سنوات
https://www.bayut.eg/en/property/details-199090921.html,للبيع فيلا 239م في كمبوند سراي Sarai القاهرة الجديدة مرحلة فيلات فقط,Bayut - ID199090921,For Sale,Townhouse,12 October 2023,Unfurnished,EGP,"5,247,000","Sarai, Mostakbal City, Cairo",7 Beds,5 Baths,239 Sq. M.,Sara,https://bayut-eg-production.s3.amazonaws.com/thumbnails/3860895-800x600.jpeg,Cairo Townhouses,S. V للبيع مساحة 239متر 3 أدوار.
https://www.bayut.eg/en/property/details-199090655.html,hot deal apartment resale MV icity شقة ريسيل في اي سيتي باقل مقدم,Bayut - ID199090655,For Sale,Apartment,12 October 2023,Unfurnished,EGP,"1,640,000","Mountain View iCity, New Cairo, Cairo",3 Beds,3 Baths,150 Sq. M.,Trademark,https://bayut-eg-production.s3.amazonaws.com/thumbnails/3859717-800x600.jpeg,Cairo Apartments,شقة للبيع
https://www.bayut.eg/en/property/details-199090643.html,بدون مقدم استلم شقتك و قسط علي 15 سنه . .,Bayut - ID199090643,For Sale,Apartment,12 October 2023,Unfurnished,EGP,"4,142,969","Shorouk City, Cairo",3 Beds,3 Baths,243 Sq. M.,Meraki Developments,https://bayut-eg-production.s3.amazonaws.com/thumbnails/3859683-800x600.jpeg,Cairo Apartments,44*بالتعاون مع شركة العربي الافريقي امتلك وحدتك وقسط علي ١٥ سنة . .
https://www.bayut.eg/en/property/details-199090633.html,Apartment 108 M For Sale In Zed East New Cairo شقه للبيع فى زيد أيست,Bayut - ID199090633,For Sale,Apartment,12 October 2023,,EGP,"7,000,000","Zed East, New Cairo, Cairo",2 Beds,2 Baths,108 Sq. M.,Trademark,https://bayut-eg-production.s3.amazonaws.com/thumbnails/3859639-800x600.jpeg,Cairo Apartments,HOT OFFER!
https://www.bayut.eg/en/property/details-199092066.html,شقه للبيع 128 متر في كمبوند بلوم فيلدز المستقبل سيتي bloomfield,Bayut - qq1iPG-199092066,For Sale,Apartment,12 October 2023,Unfurnished,EGP,"6,771,000","Bloomfields, Mostakbal City, Cairo",2 Beds,2 Baths,128 Sq. M.,Laplage Group Real Estate,https://bayut-eg-production.s3.amazonaws.com/thumbnails/3866156-800x600.jpeg,Cairo Apartments,شقه للبيع في بلوم فيلدز بمدينه المستقبل القاهره الجديده
https://www.bayut.eg/en/property/details-199092034.html,شقه للبيع 129متر+45جاردن في كمبوند بلوم فيلدز المستقبل سيتي bloomfield,Bayut - ghRLH8-199092034,For Sale,Apartment,12 October 2023,Unfurnished,EGP,"7,722,000","Bloomfields, Mostakbal City, Cairo",2 Beds,2 Baths,129 Sq. M.,Laplage Group Real Estate,https://bayut-eg-production.s3.amazonaws.com/thumbnails/3866145-800x600.jpeg,Cairo Apartments,شقه للبيع في بلوم فيلدز بمدينه المستقبل القاهره الجديده
https://www.bayut.eg/en/property/details-199084944.html,شقة 216 متر RESALE في اكتوبر بلازا بسعر مميز استلام فوري OCTOBER PLAZA,Bayut - ID199084944,For Sale,Apartment,11 October 2023,Unfurnished,EGP,"5,600,000","October Plaza Sodic, 6th of October, Giza",3 Beds,3 Baths,216 Sq. M.,Assets Real Estate Consultancy,https://bayut-eg-production.s3.amazonaws.com/thumbnails/3755050-800x600.jpeg,Giza Apartments,شقة RESALE للبيع في اكتوبر بلازا بسعر مميز لسرعة البيع.
https://www.bayut.eg/en/property/details-199084889.html,شقة للبيع متشطبة في كمبوند address east التجمع 140م وقسط على 5 سنين,Bayut - ID199084889,For Sale,Apartment,11 October 2023,Unfurnished,EGP,"1,175,000","The Address East, New Cairo, Cairo",3 Beds,2 Baths,140 Sq. M.,AMG Real Estate,https://bayut-eg-production.s3.amazonaws.com/thumbnails/3754991-800x600.jpeg,Cairo Apartments,شقة مميزة جدا بالتشطيبات في كمبوند أدريس للبيع بسعر مميز
https://www.bayut.eg/en/property/details-199078475.html,#11 بسعر مميز شقه للبيع استلام سنه بالتشطيب تقسيط التجمع ADDRESS EAST,Bayut - ID199078475,For Sale,Apartment,11 October 2023,,EGP,"7,100,000","The Address East, New Cairo, Cairo",3 Beds,2 Baths,180 Sq. M.,MAHMOUD MAGED,https://bayut-eg-production.s3.amazonaws.com/thumbnails/3639172-800x600.jpeg,Cairo Apartments,فرصه بسعر تنافسى
https://www.bayut.eg/en/property/details-199084261.html,"للبيع توين هاوس 276م نموذج ""H""  استلام فوري بمقدم وأقساط حتي 2030",Bayut - ID199084261,For Sale,Twin House,11 October 2023,Unfurnished,EGP,"4,200,000","Madinaty, Madinaty, Cairo",3 Beds,3 Baths,276 Sq. M.,Location Investments,https://bayut-eg-production.s3.amazonaws.com/thumbnails/3740268-800x600.jpeg,Cairo Twin Houses,"فيلا ثنائيه للبيع بالتقسيط في مدينتي نموذج ""H"" في المرحله الثانيه"
https://www.bayut.eg/en/property/details-199083514.html,امتلك شقتك ب مدينتي 116م استلام فوري كاش او بالتقسيط ب b12,Bayut - ID199083514,For Sale,Apartment,11 October 2023,Unfurnished,EGP,"1,200,000","Madinaty, Madinaty, Cairo",3 Beds,2 Baths,116 Sq. M.,osama,https://bayut-eg-production.s3.amazonaws.com/thumbnails/3723535-800x600.jpeg,Cairo Apartments,اغتننم الفرصه وامتلك شقة 116م استلام فوري بالتقسيط ع 7 سنوات
https://www.bayut.eg/en/property/details-199082171.html,شقه للبيع بكمبوند YARU بالعاصمه الاداريه الجديده,Bayut - ID199082171,For Sale,Apartment,11 October 2023,Unfurnished,EGP,"1,272,000","New Capital City, Cairo",2 Beds,2 Baths,106 Sq. M.,Marseille Investment,https://bayut-eg-production.s3.amazonaws.com/thumbnails/3683625-800x600.jpeg,Cairo Apartments,*شقه مساحة : *106m*
https://www.bayut.eg/en/property/details-199082070.html,ڤيلا فاخره 420متر بجانب مول 1 الرحاب بتشطيب فاخر للبيع بالفرش والاجهزه,Bayut - ID199082070,For Sale,Villa,11 October 2023,Furnished,EGP,"30,000,000","Rehab City, New Cairo, Cairo",4 Beds,3 Baths,420 Sq. M.,Muhaned,https://bayut-eg-production.s3.amazonaws.com/thumbnails/3683406-800x600.jpeg,Cairo Villas,Villa at  Rehab city
https://www.bayut.eg/en/property/details-199080692.html,شقة للبيع كامل التشطيب في اويست (تلوى),Bayut - ID199080692,For Sale,Apartment,11 October 2023,Unfurnished,EGP,"9,171,054","O West, 6th of October, Giza",3 Beds,3 Baths,170 Sq. M.,iskan west,https://bayut-eg-production.s3.amazonaws.com/thumbnails/3677402-800x600.jpeg,Giza Apartments,شقة للبيع كامل التشطيب في اويست (تلوى)
https://www.bayut.eg/en/property/details-199077192.html,فيلا منفصله 500 متر تشطيب سوبر لوكس بكمبوند قصور فقط رويال سيتي,Bayut - ID199077192,For Sale,Villa,10 October 2023,Unfurnished,EGP,"30,750,000","Royal City, Sheikh Zayed, Giza",5 Beds,7 Baths,500 Sq. M.,Fatma Mahmoud,https://bayut-eg-production.s3.amazonaws.com/thumbnails/3604671-800x600.jpeg,Giza Villas,الشيخ زايد كمبوند رويال ستيي
https://www.bayut.eg/en/property/details-199073978.html,سكاي لوفت ف ماونتن فيو mountain view ب مقدم و اقساط على بحيرات صناعية,Bayut - ID199073978,For Sale,Penthouse,10 October 2023,Unfurnished,EGP,"5,295,000","Mountain View iCity, New Cairo, Cairo",3 Beds,3 Baths,155 Sq. M.,Eng.Ahmed Sarhan (4C),https://bayut-eg-production.s3.amazonaws.com/thumbnails/3599447-800x600.jpeg,Cairo Penthouses,سكاي لوفت 155م + رووف 90م
https://www.bayut.eg/en/property/details-199074027.html,شقة ارضي ب حديقة في ماونتن فيو mountain view على اقوى فيو داخل المشروع,Bayut - ID199074027,For Sale,Apartment,10 October 2023,Unfurnished,EGP,"5,900,000","Mountain View iCity, New Cairo, Cairo",3 Beds,3 Baths,165 Sq. M.,Eng.Ahmed Sarhan (4C),https://bayut-eg-production.s3.amazonaws.com/thumbnails/3599463-800x600.jpeg,Cairo Apartments,شقة ارضي + حديقة  165م + حديقة 170م
https://www.bayut.eg/en/property/details-199074140.html,اي فيلا في ماونتن فيو اي سيتي mountain view icity مقدم و اقساط على فيو,Bayut - ID199074140,For Sale,Duplex,10 October 2023,Unfurnished,EGP,"6,500,000","Mountain View iCity, New Cairo, Cairo",3 Beds,3 Baths,190 Sq. M.,Eng.Ahmed Sarhan (4C),https://bayut-eg-production.s3.amazonaws.com/thumbnails/3599537-800x600.jpeg,Cairo Duplexes,اي فيلا جاردن 190م + حديقة 40م
https://www.bayut.eg/en/property/details-199074397.html,شقة 165م في ماونتن فيو اي سيتي Mountain view icity على اللجون مباشرة,Bayut - ID199074397,For Sale,Apartment,10 October 2023,Unfurnished,EGP,"5,400,000","Mountain View iCity, New Cairo, Cairo",3 Beds,3 Baths,165 Sq. M.,Eng.Ahmed Sarhan (4C),https://bayut-eg-production.s3.amazonaws.com/thumbnails/3600313-800x600.jpeg,Cairo Apartments,شقة على اللجون مباشرة 165م
https://www.bayut.eg/en/property/details-199072994.html,للبيع شقة 131 م بكمبوند بادية بمقدم 235 ألف - 6 أكتوبر اقساط 10 سنوات,Bayut - ID199072994,For Sale,Apartment,10 October 2023,,EGP,"4,687,400","Badya Palm Hills, 6th of October, Giza",2 Beds,1 Bath,131 Sq. M.,LandBank,https://bayut-eg-production.s3.amazonaws.com/thumbnails/3596764-800x600.jpeg,Giza Apartments,Compound Badya Palm Hills October
https://www.bayut.eg/en/property/details-199072713.html,"bella east بيلا ايست فيو البحر و علي حمام السباحه , بالتقسيط مع الخصم",Bayut - ID199072713,For Sale,Chalet,10 October 2023,Unfurnished,EGP,"1,100,000","Bella Romance, Ain Sukhna, Suez",2 Beds,2 Baths,95 Sq. M.,mohamed adel,https://bayut-eg-production.s3.amazonaws.com/thumbnails/3595935-800x600.jpeg,Suez Chalets,تفاصيل الوحده :-
https://www.bayut.eg/en/property/details-199072635.html,bella east بيلا ايست بالاطلاله مباشره علي البحر بخصم كبيرلفتره محدوده,Bayut - ID199072635,For Sale,Chalet,10 October 2023,,EGP,"1,900,000","Bella Romance, Ain Sukhna, Suez",1 Bed,1 Bath,60 Sq. M.,mohamed adel,https://bayut-eg-production.s3.amazonaws.com/thumbnails/3595846-800x600.jpeg,Suez Chalets,تفاصيل الوحده :-
https://www.bayut.eg/en/property/details-199072410.html,Bella east  بيلا ايست  شاليه للبيع دور ارضي بحديقه خاصه بتخفيض كبير,Bayut - ID199072410,For Sale,Duplex,10 October 2023,,EGP,"3,400,000","Bella Romance, Ain Sukhna, Suez",1 Bed,1 Bath,80 Sq. M.,mohamed adel,https://bayut-eg-production.s3.amazonaws.com/thumbnails/3594161-800x600.jpeg,Suez Duplexes,تفاصيل الوحده :-
https://www.bayut.eg/en/property/details-199072179.html,بخصم يصل لـ 40%. . فيلا مستقلة فاخرة بحمام سباحة للبيع فى الشيخ زايد بـ,Bayut - ID199072179,For Sale,Villa,10 October 2023,,EGP,"7,875,000","River Park, Sheikh Zayed, Giza",5 Beds,4 Baths,302 Sq. M.,شركة الكيان,https://bayut-eg-production.s3.amazonaws.com/thumbnails/3593335-800x600.jpeg,Giza Villas,بخصم يصل لـ 40%. . فيلا مستقلة فاخرة بحمام سباحة للبيع فى الشيخ زايد بـ River Park
https://www.bayut.eg/en/property/details-199071578.html,"شاليه60م مقدم97,000 دور تاني للبيع في راس سدر چازي باي خليج راس مطارمة",Bayut - ID199071578,For Sale,Chalet,10 October 2023,Unfurnished,EGP,"970,000","Ras Sedr, South Sinai",1 Bed,1 Bath,60 Sq. M.,Real Deal,https://bayut-eg-production.s3.amazonaws.com/thumbnails/3591229-800x600.jpeg,South Sinai Chalets,"pay 97,000 DP and own your chalet in Ras Sudr 60m second floor + roof"
https://www.bayut.eg/en/property/details-199071304.html,Armonia ارمونيا العاصمه الجديده شقه للبيع دورارضي مع حديقه خاصه بالقسط,Bayut - ID199071304,For Sale,Apartment,10 October 2023,,EGP,"450,000","Armonia, New Capital City, Cairo",2 Beds,2 Baths,135 Sq. M.,mohamed adel,https://bayut-eg-production.s3.amazonaws.com/thumbnails/3589258-800x600.jpeg,Cairo Apartments,تفاصيل الوحده :
https://www.bayut.eg/en/property/details-199069251.html,عيش حياة الرفاهيه فيلا للبيع بمدينتى بحمام سباحة تشطيبات خاصة فيو مميز,Bayut - ID199069251,For Sale,Villa,10 October 2023,Unfurnished,EGP,"35,000,000","Madinaty, Madinaty, Cairo",4 Beds,4 Baths,870 Sq. M.,Omar Saad,https://bayut-eg-production.s3.amazonaws.com/thumbnails/3577270-800x600.jpeg,Cairo Villas,= لمحبي الهدوء والتميز
https://www.bayut.eg/en/property/details-199071165.html,بنتهاوس بحمام سباحة-الترا مودرن بالمطبخ-بحيرات,Bayut - ID199071165,For Sale,Penthouse,10 October 2023,Furnished,EGP,"15,500,000","Lake view Residence, New Cairo, Cairo",4 Beds,5 Baths,345 Sq. M.,Aser Hafez,https://bayut-eg-production.s3.amazonaws.com/thumbnails/3589080-800x600.jpeg,Cairo Penthouses,بنتهاوس بحمام سباحة خاص - متشطب الترا مودرن بالمطبخ في كمبوند ليك فيو ريزيدنس - التجمع الخامس
https://www.bayut.eg/en/property/details-199070881.html,للبيع تاون هاوس ميدل بالتقسيط ف كمبوند ازار2 Azzar,Bayut - ID199070881,For Sale,Townhouse,10 October 2023,,EGP,"9,400,000","Azzar, New Cairo, Cairo",5 Beds,4 Baths,225 Sq. M.,PLP consultancy,https://bayut-eg-production.s3.amazonaws.com/thumbnails/3587844-800x600.jpeg,Cairo Townhouses,تاون هاوس ميدل برايم لوكيشن ببرايفت جاردن وحمام سباحة خاص للبيع بتسهيلات في كمبوند ازار2 القاهرة الجديدة Azzar نصف تشطيب
https://www.bayut.eg/en/property/details-199070353.html,شقة لقطه للبيع 160م استلام فوري روك ايدن Rock Eden اكتوبر فيو مميز جدا,Bayut - ID199070353,For Sale,Apartment,10 October 2023,Unfurnished,EGP,"2,480,000","Rock Eden, Hadayek October, Giza",3 Beds,2 Baths,160 Sq. M.,Nour Hady,https://bayut-eg-production.s3.amazonaws.com/thumbnails/3583506-800x600.jpeg,Giza Apartments,استلم وحدتك في اكتوبر كمبوند روك ايدن Rock Eden فوري وقسط براحتك
https://www.bayut.eg/en/property/details-199070074.html,بتخفيض 35% عن اجمالي السعر شقه للبيع العاصمه الجديده ارمونيا Armonia,Bayut - ID199070074,For Sale,Apartment,10 October 2023,Unfurnished,EGP,"2,860,000","Armonia, New Capital City, Cairo",3 Beds,2 Baths,136 Sq. M.,mohamed adel,https://bayut-eg-production.s3.amazonaws.com/thumbnails/3581820-800x600.jpeg,Cairo Apartments,تفاصيل الوحده :
https://www.bayut.eg/en/property/details-199069589.html,فيلا مستقله بفيو وسعر مميز وبأقساط فرصه قويه بكمبوند هايدبارك,Bayut - ID199069589,For Sale,Villa,10 October 2023,Unfurnished,EGP,"10,350,000","New Cairo, Cairo",3 Beds,4 Baths,557 Sq. M.,Mahmoud Abdelqawy,https://bayut-eg-production.s3.amazonaws.com/thumbnails/3578068-800x600.jpeg,Cairo Villas,*Hydepark*
https://www.bayut.eg/en/property/details-199068953.html,Loft in June Sodic Fully Finished في قلب السالحل الشمالي,Bayut - ID199068953,For Sale,Chalet,10 October 2023,,EGP,"13,200,000","June Sodic, North Coast, Matruh",3 Beds,2 Baths,145 Sq. M.,Hills Estate,https://bayut-eg-production.s3.amazonaws.com/thumbnails/3576543-800x600.jpeg,Matruh Chalets,"chalet in the heart of Lagoon in June, North Coast, Ras El Hekma,"
https://www.bayut.eg/en/property/details-199068482.html,شقة متشطبة استلام فورى 177 متر  جاهزه للسكن  بتسهيلات حتي 10 سنوات,Bayut - ID199068482,For Sale,Apartment,10 October 2023,Unfurnished,EGP,"800,000","Al Maqsad, New Capital City, Cairo",3 Beds,2 Baths,177 Sq. M.,Doaa Mostafa,https://bayut-eg-production.s3.amazonaws.com/thumbnails/3574243-800x600.jpeg,Cairo Apartments,شقة متشطبة سوبر لوكس استلام فورى بتسهيلات حتي 10 سنوات باطلالة مباشرة على النهر الاخضر بـ المقصد
https://www.bayut.eg/en/property/details-199068439.html,"Fully Fiished Apartment For Sale in Vye Sodic ,Sheikh Zayed October .",Bayut - ID199068439,For Sale,Apartment,10 October 2023,,EGP,"4,500,000","VYE Sodic, Sheikh Zayed, Giza",2 Beds,2 Baths,120 Sq. M.,Hills Estate,https://bayut-eg-production.s3.amazonaws.com/thumbnails/3574188-800x600.jpeg,Giza Apartments,"Fully Fiished Apartment For Sale in Vye Sodic ,Sheikh Zayed October ."
https://www.bayut.eg/en/property/details-199068322.html,امتلك شقة 135 متر 3 غرف نوم متشطبة بمقدم 5 % كمبوند المقصد Al Maqsad,Bayut - ID199068322,For Sale,Apartment,10 October 2023,,EGP,"3,600,000","Al Maqsad, New Capital City, Cairo",3 Beds,3 Baths,135 Sq. M.,Sedra Homes 2,https://bayut-eg-production.s3.amazonaws.com/thumbnails/3573222-800x600.jpeg,Cairo Apartments,كمبوند المقصد : العاصمة الادارية الجديدة
https://www.bayut.eg/en/property/details-199068262.html,استلم شقة 122 متر 3 غرف نوم متشطبة فى كمبوند المقصد Al Maqsad,Bayut - ID199068262,For Sale,Apartment,10 October 2023,,EGP,"2,200,000","Al Maqsad, New Capital City, Cairo",3 Beds,2 Baths,122 Sq. M.,Sedra Homes 2,https://bayut-eg-production.s3.amazonaws.com/thumbnails/3573211-800x600.jpeg,Cairo Apartments,كمبوند المقصد : العاصمة الادارية الجديدة
https://www.bayut.eg/en/property/details-199067651.html,"Sea View Chalet with Garden For Sale in june Sodic , Ras Elhekma",Bayut - ID199067651,For Sale,Chalet,10 October 2023,,EGP,"9,700,000","June Sodic, North Coast, Matruh",2 Beds,2 Baths,110 Sq. M.,Hills Estate,https://bayut-eg-production.s3.amazonaws.com/thumbnails/3570368-800x600.jpeg,Matruh Chalets,امتلك شاليه مطل على البحر للبيع في june سوديك، الساحل الشمالي، رأس الحكمة
https://www.bayut.eg/en/property/details-199067105.html,فيلا للبيع 175 متر وحديقة 172 متر فى كمبوند سراى القاهرة الجديدة Sarai,Bayut - ID199067105,For Sale,Villa,10 October 2023,,EGP,"11,064,172","Sarai, Mostakbal City, Cairo",3 Beds,3 Baths,175 Sq. M.,Sedra Homes 2,https://bayut-eg-production.s3.amazonaws.com/thumbnails/3566751-800x600.jpeg,Cairo Villas,فيلا للبيع بكمبوند سراي (شركة مدينة مصر) مباشرة على طريق السويس بالقاهرة الجديدة.
https://www.bayut.eg/en/property/details-199067082.html,فيلا 212 متر وحديقة 84 متر للبيع في سراى القاهرة الجديدة Sarai,Bayut - ID199067082,For Sale,Townhouse,10 October 2023,,EGP,"7,235,976","Sarai, Mostakbal City, Cairo",3 Beds,3 Baths,212 Sq. M.,Sedra Homes 2,https://bayut-eg-production.s3.amazonaws.com/thumbnails/3566725-800x600.jpeg,Cairo Townhouses,فيلا للبيع بكمبوند سراي (شركة مدينة مصر) مباشرة على طريق السويس بالقاهرة الجديدة.
https://www.bayut.eg/en/property/details-199061757.html,للبيع شقة بفيو لاجون بالتقسيط ف كمبوند هاب تاون فيوتشر سيتي,Bayut - ID199061757,For Sale,Apartment,9 October 2023,,EGP,"1,950,000","Haptown, Mostakbal City, Cairo",3 Beds,3 Baths,170 Sq. M.,PLP consultancy,https://bayut-eg-production.s3.amazonaws.com/thumbnails/3552391-800x600.jpeg,Cairo Apartments,شقة للبيع برايم لوكيشن في كمبوند هاب تاون المستقبل سيتي Haptown استلام 2026 الاقساط حتي 2030
https://www.bayut.eg/en/property/details-199061683.html,للبيع شقة  باقل مقدم ف كمبوند هاب تاون مستقبل سيتي haptown,Bayut - ID199061683,For Sale,Apartment,9 October 2023,,EGP,"743,000","Haptown, Mostakbal City, Cairo",2 Beds,2 Baths,137 Sq. M.,PLP consultancy,https://bayut-eg-production.s3.amazonaws.com/thumbnails/3552416-800x600.jpeg,Cairo Apartments,شقة للبيع بتسهيلات و دابل فيو في كمبوند هاب تاون المستقبل سيتي Haptown استلام 2026 الاقساط حتي 2030
https://www.bayut.eg/en/property/details-199061530.html,هايد بارك القاهرة الجديدة تطلق المرحلة الأخيرة شقق,Bayut - ID199061530,For Sale,Apartment,9 October 2023,,EGP,"6,900,000","Hyde Park New Cairo, New Cairo, Cairo",2 Beds,2 Baths,141 Sq. M.,Sedra Homes 2,https://bayut-eg-production.s3.amazonaws.com/thumbnails/3551620-800x600.jpeg,Cairo Apartments,تطلق هايد بارك في القاهرة الجديدة مشروع GREENS
https://www.bayut.eg/en/property/details-199061238.html,بنت هاوس للبيع فى هايد بارك القاهرة الجديدة Hyde park,Bayut - ID199061238,For Sale,Penthouse,9 October 2023,,EGP,"5,200,000","Hyde Park New Cairo, New Cairo, Cairo",1 Bed,1 Bath,81 Sq. M.,Sedra Homes 2,https://bayut-eg-production.s3.amazonaws.com/thumbnails/3550121-800x600.jpeg,Cairo Penthouses,تطلق هايد بارك في القاهرة الجديدة مشروع GREENS
https://www.bayut.eg/en/property/details-199060997.html,فيلا مستقله في ماونتن فيو المستقبل سيتي بمقدم5% Mountain view,Bayut - ID199060997,For Sale,Villa,9 October 2023,,EGP,"20,800,000","Mostakbal City, Cairo",4 Beds,4 Baths,285 Sq. M.,Sedra Homes 2,https://bayut-eg-production.s3.amazonaws.com/thumbnails/3548855-800x600.jpeg,Cairo Villas,فيلا مستقله للبيع في كمبوند ماونتن فيو المستقبل Mountain View Mostakbal city
https://www.bayut.eg/en/property/details-199060998.html,فيلا عائلية للبيع بافضل سعر و خامات مستورده,Bayut - ID199060998,For Sale,Villa,9 October 2023,Unfurnished,EGP,"13,000,000","Dreamland, 6th of October, Giza",7 Beds,8 Baths,680 Sq. M.,REC janna,https://bayut-eg-production.s3.amazonaws.com/thumbnails/3548871-800x600.jpeg,Giza Villas,فيلا عائلية للبيع  بخامات مستوردة  بافضل سعر
https://www.bayut.eg/en/property/details-199060133.html,شقة ١٥٥متر مربع في أخر مرحلة في تاج سيتي التجمع Taj city,Bayut - ID199060133,For Sale,Apartment,9 October 2023,,EGP,"4,475,000","Taj City, New Cairo, Cairo",3 Beds,3 Baths,155 Sq. M.,Sedra Homes 2,https://bayut-eg-production.s3.amazonaws.com/thumbnails/3543736-800x600.jpeg,Cairo Apartments,فرصة في كومباند تاج سيتي بالقاهرة الجديدة - اقل سعر للمتر في منطقة التجمع في مرحلة كلوب سايد أعلى مراحل تاج سيتي - أخر مرحلة بتاج سيتي
https://www.bayut.eg/en/property/details-199059518.html,تاون هاوس للبيع كومباوند تاج سيتى 158م (origami) Taj city,Bayut - ID199059518,For Sale,Townhouse,9 October 2023,,EGP,"11,502,572","Taj City, New Cairo, Cairo",4 Beds,4 Baths,158 Sq. M.,Sedra Homes 2,https://bayut-eg-production.s3.amazonaws.com/thumbnails/3539971-800x600.jpeg,Cairo Townhouses,تاون هاوس للبيع كومباوند تاج سيتى 158م مرحلة (origami)
https://www.bayut.eg/en/property/details-199059189.html,فيلا Standalone بافضل نظام سداد للبيع في كمبوند سراي Sarai مرحلة Rai,Bayut - ID199059189,For Sale,Villa,9 October 2023,Unfurnished,EGP,"9,200,000","Sarai, Mostakbal City, Cairo",4 Beds,4 Baths,235 Sq. M.,Afnan Real Estate,https://bayut-eg-production.s3.amazonaws.com/thumbnails/3538798-800x600.jpeg,Cairo Villas,فيلا منفصلة Stand alone في لونش جديد RAI بكمبوند سراي سور بسور مدينتي مساحة 235م + جاردن 240م
https://www.bayut.eg/en/property/details-199058652.html,توين هاوس 300م للبيع بمقدم 5% بالتقسيط  كمبوند MAR VILLR NEW ZAYED,Bayut - ID199058652,For Sale,Twin House,9 October 2023,Unfurnished,EGP,"16,500,000","Sheikh Zayed, Giza",4 Beds,4 Baths,300 Sq. M.,Elmohandisen Branch2,https://bayut-eg-production.s3.amazonaws.com/thumbnails/3535527-800x600.jpeg,Giza Twin Houses,توين هاوس للبيع 300م بمقدم 5% كمبوند Al Marasem Development) MAR VILLR NEW ZAYED )
https://www.bayut.eg/en/property/details-199058630.html,فيلا كواترو ١٤٣م مربع بأخر مراحل تاج سيتي التجمع Taj city,Bayut - ID199058630,For Sale,Townhouse,9 October 2023,,EGP,"5,950,000","Taj City, New Cairo, Cairo",3 Beds,3 Baths,143 Sq. M.,Sedra Homes 2,https://bayut-eg-production.s3.amazonaws.com/thumbnails/3535444-800x600.jpeg,Cairo Townhouses,فرصة في كومباند تاج سيتي بالقاهرة الجديدة - افضل سعر للمتر في منطقة التجمع في مرحلة (أوريجامي) أخر مراحل تاج سيتي - أخر مرحلة بتاج سيتي
https://www.bayut.eg/en/property/details-199058564.html,تاون هاوس للبيع ١٤٢متر بسعر متر مميز في تاج سيتي التجمع Taj City,Bayut - ID199058564,For Sale,Townhouse,9 October 2023,,EGP,"5,942,000","Taj City, New Cairo, Cairo",3 Beds,3 Baths,142 Sq. M.,Sedra Homes 2,https://bayut-eg-production.s3.amazonaws.com/thumbnails/3535310-800x600.jpeg,Cairo Townhouses,فرصة في كومباند تاج سيتي بالقاهرة الجديدة - افضل سعر للمتر في منطقة التجمع في مرحلة أوريجامي أخر مرحلة بتاج سيتي
https://www.bayut.eg/en/property/details-199057185.html,شقة 160م 3نوم تقسيط تسليم 2024 بالتشطيب كمبوند ادرس ايست التجمع الخامس,Bayut - ID199057185,For Sale,Apartment,9 October 2023,Unfurnished,EGP,"6,480,000","The Address East, New Cairo, Cairo",3 Beds,2 Baths,160 Sq. M.,Hassan Batran,https://bayut-eg-production.s3.amazonaws.com/thumbnails/3530560-800x600.jpeg,Cairo Apartments,شقة 160م تقسيط تسليم 2024 بالتشطيب كمبوند ادرس ايست التجمع الخامس
https://www.bayut.eg/en/property/details-199058256.html,شقة 4 نوم بتسهيلات تسليم 2024 بالتشطيب كمبوند ادرس ايست التجمع الخامس,Bayut - ID199058256,For Sale,Apartment,9 October 2023,Unfurnished,EGP,"7,200,000","The Address East, New Cairo, Cairo",4 Beds,2 Baths,180 Sq. M.,Hassan Batran,https://bayut-eg-production.s3.amazonaws.com/thumbnails/3534292-800x600.jpeg,Cairo Apartments,شقة 4 نوم بتسهيلات تسليم 2024 بالتشطيب كمبوند ادرس ايست التجمع الخامس
https://www.bayut.eg/en/property/details-199058233.html,اس فيلا كورنر S villa Corner للبيع في كمبوند سراي Sarai مرحلة Elan,Bayut - ID199058233,For Sale,Twin House,9 October 2023,Unfurnished,EGP,"5,330,000","Sarai, Mostakbal City, Cairo",4 Beds,5 Baths,212 Sq. M.,Afnan Real Estate,https://bayut-eg-production.s3.amazonaws.com/thumbnails/3534262-800x600.jpeg,Cairo Twin Houses,فيلا للبيع 212 م كورنر في كمبوند سراي في مرحله (Rai)
https://www.bayut.eg/en/property/details-199058232.html,فيلا مستقلة 700م بسعر مغري للبيع بكمبوند رويال هيلز 6 اكتوبر,Bayut - ID199058232,For Sale,Villa,9 October 2023,,EGP,"11,700,000","6th of October, Giza",4 Beds,5 Baths,689 Sq. M.,مجموعة ريليتورز المتكامله للتطوير العقارى والتسويق,https://bayut-eg-production.s3.amazonaws.com/thumbnails/3534232-800x600.jpeg,Giza Villas,للبيع: فيلا – مستقلة
https://www.bayut.eg/en/property/details-199057193.html,Penthouse for sale at Fifth Square New Cairo نتهاوس للبيع في المراسم,Bayut - ID199057193,For Sale,Penthouse,9 October 2023,,EGP,"9,500,000","Fifth Square, New Cairo, Cairo",4 Beds,4 Baths,200 Sq. M.,Conquer Properties,https://bayut-eg-production.s3.amazonaws.com/thumbnails/3530611-800x600.jpeg,Cairo Penthouses,Fifth Square - New Cairo
https://www.bayut.eg/en/property/details-199056908.html,مقدم 5% واقساط 8 سنوات شقة للبيع (متشطبة)125م البروج موقع مميز بالشروق,Bayut - ID199056908,For Sale,Apartment,9 October 2023,,EGP,"5,100,000","Al Burouj, Shorouk City, Cairo",2 Beds,1 Bath,125 Sq. M.,LandBank,https://bayut-eg-production.s3.amazonaws.com/thumbnails/3529297-800x600.jpeg,Cairo Apartments,تتكون من :- غرفتين - حمام - تراس -مطبخ
https://www.bayut.eg/en/property/details-199056685.html,شقه بيع 272م تشطيب سوبر لوكس في مدينة الرحاب بسعر مميز جدا,Bayut - ID199056685,For Sale,Apartment,9 October 2023,Unfurnished,EGP,"9,000,000","Rehab City, New Cairo, Cairo",3 Beds,3 Baths,272 Sq. M.,Ahmedy Hassan,https://bayut-eg-production.s3.amazonaws.com/thumbnails/3528736-800x600.jpeg,Cairo Apartments,شقه بيع في مدينة الرحاب
https://www.bayut.eg/en/property/details-199056610.html,دوبلكس اللترا سوبر لكس في كمدوند بنوراما الشروق,Bayut - ID199056610,For Sale,Duplex,9 October 2023,Unfurnished,EGP,"4,600,000","Shorouk City, Cairo",4 Beds,4 Baths,350 Sq. M.,Mohamed Mohsn,https://bayut-eg-production.s3.amazonaws.com/thumbnails/3528587-800x600.jpeg,Cairo Duplexes,امتلك وحدتك دوبلكس متشطب ف  ارقي كومباوندات الشروق كومبوند بانوراما الشروق
https://www.bayut.eg/en/property/details-199056473.html,"للبيع اجمل فيلا مستقله 378م نموذج ""V"" فيو البحيرات بجانب الاوبن اير",Bayut - ID199056473,For Sale,Villa,9 October 2023,Unfurnished,EGP,"48,000,000","Madinaty, Madinaty, Cairo",5 Beds,5 Baths,378 Sq. M.,Location Investments,https://bayut-eg-production.s3.amazonaws.com/thumbnails/3527982-800x600.jpeg,Cairo Villas,للبيع اميز فلل مدينتي
https://www.bayut.eg/en/property/details-199056023.html,شاليه رؤية مباشرة للبحر بتلال العين السخنه بمقدم ٥٪ و أقساط على ٨ سنين,Bayut - ID199056023,For Sale,Chalet,9 October 2023,Unfurnished,EGP,"5,800,000","Telal Sokhna, Ain Sukhna, Suez",3 Beds,2 Baths,130 Sq. M.,The Mediator Real Estate,https://bayut-eg-production.s3.amazonaws.com/thumbnails/3526129-800x600.jpeg,Suez Chalets,المنتجع 600 فدان على مصاطب لرؤيه كامله للبحر
https://www.bayut.eg/en/property/details-199050678.html,فيلا للبيع بكمبوند ماونتن فيو بجوار مدينتي بمقدم 650 - MountainView,Bayut - ID199050678,For Sale,Townhouse,8 October 2023,Unfurnished,EGP,"13,000,000","Mostakbal City, Cairo",3 Beds,3 Baths,210 Sq. M.,The Mediator Real Estate,https://bayut-eg-production.s3.amazonaws.com/thumbnails/3498098-800x600.jpeg,Cairo Townhouses,ALIVIA
https://www.bayut.eg/en/property/details-199050409.html,للبيع شقة 169م بالتشطيب والتكييفات فيليدج ويست village west الشيخ زايد,Bayut - ID199050409,For Sale,Apartment,8 October 2023,Unfurnished,EGP,"9,825,000","Village West, Sheikh Zayed, Giza",3 Beds,3 Baths,169 Sq. M.,Amr khafaga,https://bayut-eg-production.s3.amazonaws.com/thumbnails/3497326-800x600.jpeg,Giza Apartments,للبيع شقة 169م بالتشطيب والتكييفات فيليدج ويست village west الشيخ زايد
https://www.bayut.eg/en/property/details-199049792.html,فيلا توين هاوس 468م مميزة للبيع استلام فوري في كمبوند لايان Layan,Bayut - ID199049792,For Sale,Twin House,8 October 2023,,EGP,"15,500,000","Layan, New Cairo, Cairo",5 Beds,5 Baths,468 Sq. M.,PLP consultancy,https://bayut-eg-production.s3.amazonaws.com/thumbnails/3496396-800x600.jpeg,Cairo Twin Houses,فيلا توين هاوس 468م مميزة للبيع استلام فوري في كمبوند لايان Layan
https://www.bayut.eg/en/property/details-199048602.html,امتلك الان وحدتك بسعر الطرح في Regents Square بمقدم 5% وقسط لحد 7 سنين,Bayut - ID199048602,For Sale,Apartment,8 October 2023,Unfurnished,EGP,"400,000","Regents Park, New Cairo, Cairo",2 Beds,2 Baths,120 Sq. M.,Ahmad-Ashraf,https://bayut-eg-production.s3.amazonaws.com/thumbnails/3490177-800x600.jpeg,Cairo Apartments,ريجينتس سكوير
https://www.bayut.eg/en/property/details-199047672.html,استلم فورا شقه 166م في الجولدن سكوير بمقدم 10% وقسط الباقي علي 5 سنين,Bayut - ID199047672,For Sale,Apartment,8 October 2023,Unfurnished,EGP,"845,000","Galleria Moon Valley, New Cairo, Cairo",3 Beds,3 Baths,161 Sq. M.,Ahmad-Ashraf,https://bayut-eg-production.s3.amazonaws.com/thumbnails/3485648-800x600.jpeg,Cairo Apartments,ARABIA HOLDING
https://www.bayut.eg/en/property/details-199047098.html,دوبلكس للبيع  180 متر في البنفسج ٢ تشطيب سوبر لوكس,Bayut - ID199047098,For Sale,Duplex,8 October 2023,Furnished,EGP,"4,300,000","New Cairo, Cairo",3 Beds,3 Baths,180 Sq. M.,Rana Mamdouh,https://bayut-eg-production.s3.amazonaws.com/thumbnails/3484149-800x600.jpeg,Cairo Duplexes,للبيع دوبلكس ١٨٠متر ارضي و بيزمنت بحديقة خاصة كبيرة في فيلات البنفسج ٢
https://www.bayut.eg/en/property/details-199046535.html,دوبلكس متطشب استلام فوري جاهز علي السكن والمعاينه فورا,Bayut - ID199046535,For Sale,Duplex,8 October 2023,Unfurnished,EGP,"1,500,000","Al Maqsad, New Capital City, Cairo",3 Beds,3 Baths,390 Sq. M.,Doaa Mostafa,https://bayut-eg-production.s3.amazonaws.com/thumbnails/3481939-800x600.jpeg,Cairo Duplexes,دوبلكس متطشب بالكامل  استلام فوري
https://www.bayut.eg/en/property/details-199046500.html,شقة استلام فوري - ڤيو لاند سكيب - بأقل مقدم بالتجمع,Bayut - ID199046500,For Sale,Apartment,8 October 2023,,EGP,"4,180,000","New Cairo, Cairo",2 Beds,2 Baths,110 Sq. M.,New way investments,https://bayut-eg-production.s3.amazonaws.com/thumbnails/3481907-800x600.jpeg,Cairo Apartments,شقة استلام فوري - ڤيو لاند سكيب - سيفورا هايتس
https://www.bayut.eg/en/property/details-199046149.html,للبيع فيلا اقل اوفر مدينتى بجوار منتجع الفورسيزون استلام 9 شهور,Bayut - ID199046149,For Sale,Villa,8 October 2023,Unfurnished,EGP,"31,000,000","Madinaty, Madinaty, Cairo",5 Beds,4 Baths,290 Sq. M.,IMIC,https://bayut-eg-production.s3.amazonaws.com/thumbnails/3481062-800x600.jpeg,Cairo Villas,بمساحة مبانى ٢٩٠م و الارض ٤٧٥م واستلم خلال ٩ اشهر و تتمتع الفيلا باطلالة مميزة على مسطحات خضراء واسعة
https://www.bayut.eg/en/property/details-199044695.html,قسط ع36 شهر فى جوار مينى كمبوند الحى التاسع شقة 175م بدون فوائد,Bayut - ID199044695,For Sale,Apartment,8 October 2023,Unfurnished,EGP,"2,362,500","6th of October, Giza",3 Beds,3 Baths,175 Sq. M.,Jeewar Property,https://bayut-eg-production.s3.amazonaws.com/thumbnails/3476523-800x600.jpeg,Giza Apartments,بيتك الجديد عندنا فى جوار مينى كمبوند الحي التاسع
https://www.bayut.eg/en/property/details-199042702.html,بأقل سعر فى كومبوند المراسم شقة 3 غرف متشطبة بالكامل مقدم و اقساط,Bayut - ID199042702,For Sale,Apartment,8 October 2023,Unfurnished,EGP,"9,180,000","Fifth Square, New Cairo, Cairo",3 Beds,3 Baths,168 Sq. M.,Eman Hassan,https://bayut-eg-production.s3.amazonaws.com/thumbnails/3469638-800x600.jpeg,Cairo Apartments,بأقل سعر فى السوق بكمبوند المراسم فيفث سكوير
https://www.bayut.eg/en/property/details-199038680.html,شقة للبيع في بلوم فيلدز موقع متميز بالقسط | Apartment Sale Bloomfield,Bayut - ID199038680,For Sale,Apartment,7 October 2023,Unfurnished,EGP,"4,487,000","Bloomfields, Mostakbal City, Cairo",3 Beds,3 Baths,149 Sq. M.,َQHomes Real Estate,https://bayut-eg-production.s3.amazonaws.com/thumbnails/3464721-800x600.jpeg,Cairo Apartments,كود الاعلان: NO
https://www.bayut.eg/en/property/details-199037434.html,بمقدم 380 الف شالية 2 نوم للبيع في بوهو السخنه تسليم سنة - تقسيط 8سنين,Bayut - ID199037434,For Sale,Chalet,7 October 2023,Unfurnished,EGP,"3,800,000","BOHO, Ain Sukhna, Suez",2 Beds,2 Baths,90 Sq. M.,The Mediator Real Estate,https://bayut-eg-production.s3.amazonaws.com/thumbnails/3461256-800x600.jpeg,Suez Chalets,Boho el-sokhna
https://www.bayut.eg/en/property/details-199037091.html,فيلا للبيع فى كمبوند سراى بمقدم 700 الف جنيه و اقساط على 8 سنين متساوي,Bayut - ID199037091,For Sale,Townhouse,7 October 2023,,EGP,"7,300,000","Sarai, Mostakbal City, Cairo",4 Beds,3 Baths,160 Sq. M.,Mostafa Agamy,https://bayut-eg-production.s3.amazonaws.com/thumbnails/3460693-800x600.jpeg,Cairo Townhouses,فيلا تاون هاوس فى مدينة سراى بمقدم 700 الف جنيه و اقساط على 8 سنوات متساوية على مساحة مبانى 160 م و جاردن 80 م و روف 23 م
https://www.bayut.eg/en/property/details-199034709.html,فيلا 5غرف تاون هاوس S villa للبيع كمبوند سراي sarai القاهرة الجديدة,Bayut - ID199034709,For Sale,Townhouse,7 October 2023,Unfurnished,EGP,"5,110,000","Sarai, Mostakbal City, Cairo",5 Beds,6 Baths,239 Sq. M.,Afnan Real Estate,https://bayut-eg-production.s3.amazonaws.com/thumbnails/3454227-800x600.jpeg,Cairo Townhouses,للبيع ( Svilla ) تاون هاوس Middle في لونش جديد في سراي سور بسور مدينتي فيو Land scape
https://www.bayut.eg/en/property/details-199034170.html,للبيع سكاي لوفت 155 م فيو مفتوح باقل مقدم ف الماركت بكمبوند ماونتن فيو,Bayut - ID199034170,For Sale,Penthouse,7 October 2023,Unfurnished,EGP,"3,130,000","Mountain View iCity, New Cairo, Cairo",3 Beds,3 Baths,155 Sq. M.,Nadaa Eldabaa,https://bayut-eg-production.s3.amazonaws.com/thumbnails/3452898-800x600.jpeg,Cairo Penthouses,ماونتن فيو آي-سيت
https://www.bayut.eg/en/property/details-199027036.html,بمدينتي مفاجأة فيلا بحمام سباحة شامله الأجهزة و الفرش,Bayut - ID199027036,For Sale,Townhouse,6 October 2023,Furnished,EGP,"13,000,000","Madinaty, Cairo",3 Beds,3 Baths,240 Sq. M.,iL realestate,https://bayut-eg-production.s3.amazonaws.com/thumbnails/3441645-800x600.jpeg,Cairo Townhouses,فرصة فيلا كوارتر للبيع بمدينتي - بحمام سباحة
https://www.bayut.eg/en/property/details-199026070.html,فيلا ستاند الون 1050م متشطبة بالكامل في كمبوند ارابيلا Arabella,Bayut - ID199026070,For Sale,Villa,6 October 2023,,EGP,"60,000,000","Arabella, New Cairo, Cairo",9 Beds,8 Baths,"1,050 Sq. M.",PLP consultancy,https://bayut-eg-production.s3.amazonaws.com/thumbnails/3439005-800x600.jpeg,Cairo Villas,فيلا ستاند الون 1050م متشطبة بالكامل في كمبوند ارابيلا Arabella
https://www.bayut.eg/en/property/details-199026057.html,فيلا ستاندالون للبيع 357م موقع مميز في كمبوند بالم هيلز قطامية  pk2,Bayut - ID199026057,For Sale,Villa,6 October 2023,,EGP,"21,000,000","Palm Hills Katameya, New Cairo, Cairo",4 Beds,4 Baths,357 Sq. M.,PLP consultancy,https://bayut-eg-production.s3.amazonaws.com/thumbnails/3438981-800x600.jpeg,Cairo Villas,فيلا ستاندالون للبيع 357م موقع مميز في كمبوند بالم هيلز قطامية pk2
https://www.bayut.eg/en/property/details-199025586.html,شقة لقطة امام مطار القاهرة 131م +Garden بارقي كمبوند تاج سيتي Taj City,Bayut - ID199025586,For Sale,Apartment,6 October 2023,,EGP,"540,000","Taj City, New Cairo, Cairo",2 Beds,2 Baths,131 Sq. M.,Habiba Desoki,https://bayut-eg-production.s3.amazonaws.com/thumbnails/3436716-800x600.jpeg,Cairo Apartments,يقدم كمبوند  Taj City New Ciro وحدات متنوعة المساحات والتصميمات لتتناسب مع أذواق العملاء المختلفة حيث يحتوي على مجموعة كبيرة من الفيلات المتميزة، والشقق السكنية التي تم تصميمها على اعلي مستوي ويعتبر كمبوند تاج سيتي نيو كايرو من أرقى الأماكن السكنية الجديدة الراقيه.
https://www.bayut.eg/en/property/details-199024575.html,فيلا للبيع ستاند الون 750م بكمبوند ايتوال دو فيل etoile des Villes,Bayut - ID199024575,For Sale,Villa,6 October 2023,,EGP,"14,000,000","New Cairo, Cairo",6 Beds,6 Baths,750 Sq. M.,PLP consultancy,https://bayut-eg-production.s3.amazonaws.com/thumbnails/3435124-800x600.jpeg,Cairo Villas,فيلا للبيع ستاند الون 750م بكمبوند ايتوال دو فيل etoile des Villes
https://www.bayut.eg/en/property/details-199091379.html,دوبلكس للبيع بكمبوند هايد بارك 216متر لوكيشن مميز وبأقل سعر,Bayut - ID199091379,For Sale,Duplex,12 October 2023,Unfurnished,EGP,"8,883,000","Hyde Park New Cairo, New Cairo, Cairo",3 Beds,4 Baths,216 Sq. M.,Ahmed Sayed,https://bayut-eg-production.s3.amazonaws.com/thumbnails/3863521-800x600.jpeg,Cairo Duplexes,كمبوند هايد بارك
https://www.bayut.eg/en/property/details-199091208.html,For sale in Mivida Twinhouse 356m with hight end finishing | ميفيدا,Bayut - ID199091208,For Sale,Twin House,12 October 2023,,EGP,"25,000,000","Mivida, New Cairo, Cairo",3 Beds,4 Baths,356 Sq. M.,Green Homes,https://bayut-eg-production.s3.amazonaws.com/thumbnails/3863212-800x600.jpeg,Cairo Twin Houses,Mivida | ميفيدا
https://www.bayut.eg/en/property/details-199091207.html,توين هاوس بكمبوند هايد بارك 316متر لوكيشن مميز وبأقل سعر,Bayut - ID199091207,For Sale,Twin House,12 October 2023,Furnished,EGP,"21,000,000","Hyde Park New Cairo, New Cairo, Cairo",3 Beds,4 Baths,316 Sq. M.,Ahmed Sayed,https://bayut-eg-production.s3.amazonaws.com/thumbnails/3863188-800x600.jpeg,Cairo Twin Houses,فيلا تون هاوس كورنر كلاسيك
https://www.bayut.eg/en/property/details-199091181.html,شقة 3 غرف وحديقة 100م متشطبة في كمبوند اوركيدا قرب الديار المخابرات,Bayut - ID199091181,For Sale,Apartment,12 October 2023,,EGP,"3,250,000","South Investors, New Cairo, Cairo",3 Beds,2 Baths,172 Sq. M.,Guide Estate,https://bayut-eg-production.s3.amazonaws.com/thumbnails/3863140-800x600.jpeg,Cairo Apartments,شقة أرضي ب جنينة للبيع في كمبوند اوركيديا ريزورت في منطقه المستثمرين الجنوبيه  في شارع الجزيرة من شارع التسعين الجنوبي قرب نادى الزهور و الجامعة الامريكيه و جامعة المستقبل وكومباوند ديار المخابرات وكومبوند كوندورد والجامعه الأمريكية ونادي الزهور
https://www.bayut.eg/en/property/details-199091179.html,بنتهاوس متشطب بالتكيفات ريسيل أقل من سعر الشركة Village West,Bayut - ID199091179,For Sale,Penthouse,12 October 2023,Unfurnished,EGP,"6,500,000","Village West, Sheikh Zayed, Giza",3 Beds,3 Baths,243 Sq. M.,ISKAN REALESTATE,https://bayut-eg-production.s3.amazonaws.com/thumbnails/3863124-800x600.jpeg,Giza Penthouses,بنتهاوس متشطب بالتكيفات ريسيل أقل من سعر الشركة
https://www.bayut.eg/en/property/details-199090983.html,شقه للبيع بكمبوند هايد بارك 207متر لوكيشن مميز وبأقل سعر,Bayut - ID199090983,For Sale,Apartment,12 October 2023,Unfurnished,EGP,"6,750,000","Hyde Park New Cairo, New Cairo, Cairo",3 Beds,4 Baths,207 Sq. M.,Ahmed Sayed,https://bayut-eg-production.s3.amazonaws.com/thumbnails/3862484-800x600.jpeg,Cairo Apartments,. كمبوند هايد بارك
https://www.bayut.eg/en/property/details-199090612.html,شقتك ب مدينتي 165م متشطبه استلام فوري كاش او بالتقسيط ب b12,Bayut - ID199090612,For Sale,Apartment,12 October 2023,Unfurnished,EGP,"2,200,000","Madinaty, Madinaty, Cairo",3 Beds,3 Baths,165 Sq. M.,osama,https://bayut-eg-production.s3.amazonaws.com/thumbnails/3859626-800x600.jpeg,Cairo Apartments,اغتنم الفرصه وامتلك شقة 165م استلام فوري بالتقسيط ع 7 سنوات
https://www.bayut.eg/en/property/details-199090816.html,شقه للبيع بكمبوند هايد بارك 144متر لوكيشن مميز وبأقل سعر,Bayut - ID199090816,For Sale,Apartment,12 October 2023,Unfurnished,EGP,"4,610,000","Hyde Park New Cairo, New Cairo, Cairo",2 Beds,3 Baths,144 Sq. M.,Ahmed Sayed,https://bayut-eg-production.s3.amazonaws.com/thumbnails/3860691-800x600.jpeg,Cairo Apartments,كمبوند هايد بارك
https://www.bayut.eg/en/property/details-199091698.html,شقه للبيع 150 متر في كمبوند بلوم فيلدز المستقبل سيتي bloomfield,Bayut - nQwTOG-199091698,For Sale,Apartment,12 October 2023,Unfurnished,EGP,"7,372,000","Bloomfields, Mostakbal City, Cairo",3 Beds,2 Baths,150 Sq. M.,Laplage Group Real Estate,https://bayut-eg-production.s3.amazonaws.com/thumbnails/3865282-800x600.jpeg,Cairo Apartments,شقه للبيع في بلوم فيلدز بمدينه المستقبل القاهره الجديده
https://www.bayut.eg/en/property/details-199091438.html,شقة للبيع 165م فى العاصمة الادارية فى كمبوند بلو فيرت Blu Vert,Bayut - zwDPb8-199091438,For Sale,Apartment,12 October 2023,Unfurnished,EGP,"4,713,000","Blue Vert, New Capital City, Cairo",3 Beds,3 Baths,165 Sq. M.,Laplagegroup,https://bayut-eg-production.s3.amazonaws.com/thumbnails/3864797-800x600.jpeg,Cairo Apartments,اسكن فى العاصمة بكمبوند بلو فيرت Blu Vert كامل الانشاءات واستمتع بكل الخدمات والمميزات الترفيهية التى تتمناها!!
https://www.bayut.eg/en/property/details-199091009.html,شقة للبيع 146م فى العاصمة الادارية فى كمبوند بلو فيرت Blu Vert,Bayut - CjHRMI-199091009,For Sale,Apartment,12 October 2023,Unfurnished,EGP,"3,840,000","Blue Vert, New Capital City, Cairo",3 Beds,3 Baths,146 Sq. M.,Laplagegroup,https://bayut-eg-production.s3.amazonaws.com/thumbnails/3862671-800x600.jpeg,Cairo Apartments,اسكن فى العاصمة بكمبوند بلو فيرت Blu Vert كامل الانشاءات واستمتع بكل الخدمات والمميزات الترفيهية التى تتمناها!!
https://www.bayut.eg/en/property/details-199088761.html,ستاند الون في hap town مع حسن علام في المستقبل بمقدم 5% وقسط 8 سنوات,Bayut - ID199088761,For Sale,Villa,11 October 2023,Unfurnished,EGP,"23,000,000","Haptown, Mostakbal City, Cairo",5 Beds,4 Baths,300 Sq. M.,Ahmad-Ashraf,https://bayut-eg-production.s3.amazonaws.com/thumbnails/3816295-800x600.jpeg,Cairo Villas,بافضل سعر مع حسن علام استثمر الان في اخر مشاريعهم
https://www.bayut.eg/en/property/details-199088755.html,امتلك توين هاوس مع حسن علام في hap town حسن علام مستقبل سيتي قسط 8سنين,Bayut - ID199088755,For Sale,Twin House,11 October 2023,Unfurnished,EGP,"18,000,000","Haptown, Mostakbal City, Cairo",4 Beds,4 Baths,250 Sq. M.,Ahmad-Ashraf,https://bayut-eg-production.s3.amazonaws.com/thumbnails/3816279-800x600.jpeg,Cairo Twin Houses,بافضل سعر مع حسن علام استثمر الان في اخر مشاريعهم
https://www.bayut.eg/en/property/details-199088748.html,امتلك الان تاون هاوس200 م في مستقبل سيتي مع حسن علام hap towm قسط8سنين,Bayut - ID199088748,For Sale,Townhouse,11 October 2023,Unfurnished,EGP,"17,000,000","Haptown, Mostakbal City, Cairo",4 Beds,3 Baths,200 Sq. M.,Ahmad-Ashraf,https://bayut-eg-production.s3.amazonaws.com/thumbnails/3816314-800x600.jpeg,Cairo Townhouses,بافضل سعر مع حسن علام استثمر الان في اخر مشاريعهم
https://www.bayut.eg/en/property/details-199088607.html,شقه 180م 4 غرف في هايد بارك اخر مرحله بجوار النادي بالقسط علي 8 سنوات,Bayut - ID199088607,For Sale,Apartment,11 October 2023,Unfurnished,EGP,"1,000,000","Hyde Park New Cairo, New Cairo, Cairo",4 Beds,3 Baths,180 Sq. M.,Ahmad-Ashraf,https://bayut-eg-production.s3.amazonaws.com/thumbnails/3814548-800x600.jpeg,Cairo Apartments,New Apartments Phase: Greens
https://www.bayut.eg/en/property/details-199088396.html,شقه 225م ارضي بحديقه80م استلام فوري في التجمع بالقسط علي 7 سنين,Bayut - ID199088396,For Sale,Apartment,11 October 2023,Unfurnished,EGP,"2,980,000","Sephora Heights, New Cairo, Cairo",3 Beds,3 Baths,225 Sq. M.,Ahmad-Ashraf,https://bayut-eg-production.s3.amazonaws.com/thumbnails/3809020-800x600.jpeg,Cairo Apartments,مهندس عادل ظريف تغيان و مهندس حازم ظريف و مهندس ناجح ظريف
https://www.bayut.eg/en/property/details-199088348.html,شقه 180م 3غرف متشطبه في التجمع Adress East بالقسط علي 5 سنين,Bayut - ID199088348,For Sale,Apartment,11 October 2023,Unfurnished,EGP,"1,370,000","Taj City, New Cairo, Cairo",3 Beds,3 Baths,180 Sq. M.,Ahmad-Ashraf,https://bayut-eg-production.s3.amazonaws.com/thumbnails/3808932-800x600.jpeg,Cairo Apartments,مساحة مشروع ذا أدريس إيست: 60 فدان.
https://www.bayut.eg/en/property/details-199088323.html,دوبلكس 210م متشطب في التجمع بجوار بالم هيلز بالقسط علي 5 سنوات,Bayut - ID199088323,For Sale,Duplex,11 October 2023,Unfurnished,EGP,"1,805,000","Taj City, New Cairo, Cairo",4 Beds,3 Baths,210 Sq. M.,Ahmad-Ashraf,https://bayut-eg-production.s3.amazonaws.com/thumbnails/3808896-800x600.jpeg,Cairo Duplexes,مساحة مشروع ذا أدريس إيست: 60 فدان.
https://www.bayut.eg/en/property/details-199088303.html,شقه 167م متشطبه في التجمع بجوار ماونتن فيو بالقسط علي 5 سنوات,Bayut - ID199088303,For Sale,Apartment,11 October 2023,Unfurnished,EGP,"1,244,000","Taj City, New Cairo, Cairo",3 Beds,3 Baths,167 Sq. M.,Ahmad-Ashraf,https://bayut-eg-production.s3.amazonaws.com/thumbnails/3805646-800x600.jpeg,Cairo Apartments,مساحة مشروع ذا أدريس إيست: 60 فدان.
https://www.bayut.eg/en/property/details-199088021.html,شقه 173م pool view استلام فوري بالقسط علي 5 سنين في الجولدن سكوير,Bayut - ID199088021,For Sale,Apartment,11 October 2023,Unfurnished,EGP,"934,000","Galleria Moon Valley, New Cairo, Cairo",3 Beds,3 Baths,173 Sq. M.,Ahmad-Ashraf,https://bayut-eg-production.s3.amazonaws.com/thumbnails/3802115-800x600.jpeg,Cairo Apartments,Arabia Holding Development
https://www.bayut.eg/en/property/details-199087858.html,فيلا ضخمه 1050م للبيع في التجمع خلف الجامعه الامريكيه وقسط لحد 5 سنين,Bayut - ID199087858,For Sale,Villa,11 October 2023,Unfurnished,EGP,"11,400,000","Kattameya Gardens, New Cairo, Cairo",6 Beds,6 Baths,"1,050 Sq. M.",Ahmad-Ashraf,https://bayut-eg-production.s3.amazonaws.com/thumbnails/3798910-800x600.jpeg,Cairo Villas,فيلا ضحمه 1050 متر مباني
https://www.bayut.eg/en/property/details-199085201.html,فيلا مستقلة للبيع Standalone villa for sale كمبوند سراي Sarai مدينتي,Bayut - ID199085201,For Sale,Villa,11 October 2023,Unfurnished,EGP,"6,000,000","Sarai, Mostakbal City, Cairo",4 Beds,3 Baths,175 Sq. M.,Ehab Ayman,https://bayut-eg-production.s3.amazonaws.com/thumbnails/3758886-800x600.jpeg,Cairo Villas,"بسعر  6,000,000 كاش"
https://www.bayut.eg/en/property/details-199084594.html,"شقه ١٨٥ متر بكمبوند ماونتن ڤيو اي سيتي بالقاهره الجديده بسعر 3,900,000",Bayut - ID199084594,For Sale,Apartment,11 October 2023,Unfurnished,EGP,"3,900,000","Mountain View iCity, New Cairo, Cairo",3 Beds,3 Baths,185 Sq. M.,Salma Salama,https://bayut-eg-production.s3.amazonaws.com/thumbnails/3750039-800x600.jpeg,Cairo Apartments,compound Mountain View i city - new cairo - golden triangle
https://www.bayut.eg/en/property/details-199083383.html,للبيع بتسهيلات شقة 3 غرف متشطبة لوكس إستلام 2024 بالتجمع Address East,Bayut - ID199083383,For Sale,Apartment,11 October 2023,Unfurnished,EGP,"7,104,000","5th Settlement, New Cairo, Cairo",3 Beds,2 Baths,180 Sq. M.,Mohamed Asskr,https://bayut-eg-production.s3.amazonaws.com/thumbnails/3723455-800x600.jpeg,Cairo Apartments,المرحلة الجديدة The Address East بالتجمع الخامس
https://www.bayut.eg/en/property/details-199083394.html,شقة 180م تسليم 2024 تقسيط 5 سنوات تشطيب من Dorra Group التجمع الخامس,Bayut - ID199083394,For Sale,Apartment,11 October 2023,Unfurnished,EGP,"7,104,000","The Address East, New Cairo, Cairo",3 Beds,2 Baths,180 Sq. M.,Hassan Batran,https://bayut-eg-production.s3.amazonaws.com/thumbnails/3723481-800x600.jpeg,Cairo Apartments,شقة 180م تسليم 2024 تقسيط 5سنوات تشطيب Dorra Group التجمع الخامس
https://www.bayut.eg/en/property/details-199084239.html,دلوقتى تقدر تسكن فى دوبلكس متشطب سوبر لوكس 180 م بجاردن كبيره بسعر شقة,Bayut - ID199084239,For Sale,Duplex,11 October 2023,Unfurnished,EGP,"4,300,000","New Cairo, Cairo",2 Beds,2 Baths,180 Sq. M.,Muhaned,https://bayut-eg-production.s3.amazonaws.com/thumbnails/3740205-800x600.jpeg,Cairo Duplexes,للبيع دوبلكس ١٨٠متر ارضي و بيزمنت بحديقة خاصة كبيرة في فيلات البنفسج ٢
